insert into employee values ('10001', 'Ian', 'Maple Street', 'New York');
insert into employee values ('10002', 'Alice', 'Oak Avenue', 'Los Angeles');
insert into employee values ('10003', 'Jane', 'Pine Lane', 'Chicago');
insert into employee values ('10004', 'Clara', 'Cedar Drive', 'Houston');
insert into employee values ('10005', 'Daniel', 'Elm Boulevard', 'Phoenix');
insert into employee values ('10006', 'Emma', 'Walnut Court', 'Philadelphia');
insert into employee values ('10007', 'Frank', 'Cherry Road', 'San Antonio');
insert into employee values ('10008', 'Grace', 'Birch Way', 'San Diego');
insert into employee values ('10009', 'Henry', 'Spruce Terrace', 'Dallas');
insert into employee values ('10010', 'Isabella', 'Hickory Circle', 'San Jose');
insert into employee values ('10011', 'Faker', 'K-Star Road', 'Seoul');

insert into company values ('FirstBank', 'New York');
insert into company values ('SmallBank', 'Dallas');
insert into company values ('TSMC', 'Taiwan');
insert into company values ('Samsung', 'Korea');

insert into works values ('10001', 'FirstBank', 100000);
insert into works values ('10002', 'TSMC', 50562);
insert into works values ('10003', 'SmallBank', 70856);
insert into works values ('10004', 'TSMC', 78453);
insert into works values ('10005', 'FirstBank', 95482);
insert into works values ('10006', 'TSMC', 64584);
insert into works values ('10007', 'FirstBank', 78754);
insert into works values ('10008', 'SmallBank', 45493);
insert into works values ('10009', 'TSMC', 98484);
insert into works values ('10010', 'FirstBank', 31818);
insert into works values ('10011', 'Samsung', 150000)

insert into manages values ('10001', '10003');
insert into manages values ('10002', '10003');
insert into manages values ('10003', '10007');
insert into manages values ('10004', '10003');
insert into manages values ('10005', '10003');
insert into manages values ('10006', '10007');
insert into manages values ('10007', '10009');
insert into manages values ('10008', '10007');
insert into manages values ('10009', null);
insert into manages values ('10010', '10009');
insert into manages values ('10011', null);
